Type,Name,Request Count,Failure Count,Median Response Time,Average Response Time,Min Response Time,Max Response Time,Average Content Size,Requests/s,Failures/s,50%,66%,75%,80%,90%,95%,98%,99%,99.9%,99.99%,100%
GET,Get All Carts,111,0,110.0,212.636569963948,93.23017799761146,5802.573537999706,24.0,0.9338805945201293,0.0,110,190,200,200,290,350,410,500,5800,5800,5800
GET,Get All Categories,163,0,170.0,286.0615297789422,93.82732299854979,5391.658777996781,24.0,1.371374206367397,0.0,170,200,240,260,340,470,1600,5100,5400,5400,5400
GET,Get All Orders,111,0,130.0,235.59935407198887,93.34862899413565,5795.733319995634,24.0,0.9338805945201293,0.0,130,190,200,220,260,360,500,2900,5800,5800,5800
GET,Get All Products,212,0,180.0,344.07268802811507,94.3820059983409,5661.039430997334,24.0,1.7836278021465533,0.0,180,220,270,300,400,570,3500,5100,5700,5700,5700
GET,Get Category Details,163,163,180.0,206.69673544793437,91.61550900171278,2356.725395999092,135.0,1.371374206367397,1.371374206367397,180,200,220,250,330,410,580,700,2400,2400,2400
GET,Get Product Details,212,212,190.0,310.1569268110668,95.11066300183302,5893.124031994375,134.0,1.7836278021465533,1.7836278021465533,190,210,250,290,430,600,2300,5800,5900,5900,5900
,Aggregated,972,375,170.0,276.51282216653954,91.61550900171278,5893.124031994375,66.6059670781893,8.177765206068159,3.1550020085139505,170,200,230,260,370,480,1600,5100,5900,5900,5900
