Type,Name,Request Count,Failure Count,Median Response Time,Average Response Time,Min Response Time,Max Response Time,Average Content Size,Requests/s,Failures/s,50%,66%,75%,80%,90%,95%,98%,99%,99.9%,99.99%,100%
GET,Get All Carts,4,0,92,94.25090949991954,91.80488099991635,98.11556199974802,24.0,0.16596086149800218,0.0,95,95,98,98,98,98,98,98,98,98,98
GET,Get All Categories,8,0,99,101.04594237503761,94.46452000020145,111.64821800002755,24.0,0.33192172299600436,0.0,100,100,110,110,110,110,110,110,110,110,110
GET,Get All Orders,4,0,95,147.84577850002734,94.95292300016445,305.10467399972185,24.0,0.16596086149800218,0.0,96,96,310,310,310,310,310,310,310,310,310
GET,Get All Products,10,0,98,98.78003549993082,93.66560199987362,103.64694999998392,24.0,0.4149021537450055,0.0,100,100,100,100,100,100,100,100,100,100,100
GET,Get Category Details,8,8,96,97.49198112490376,94.79459300018789,102.16162799997619,135.0,0.33192172299600436,0.33192172299600436,98,99,100,100,100,100,100,100,100,100,100
GET,Get Product Details,10,10,96,99.04460270008713,91.64969299990844,119.77680700010751,134.0,0.4149021537450055,0.4149021537450055,99,100,100,100,120,120,120,120,120,120,120
,Aggregated,44,18,96,103.06673913635223,91.64969299990844,305.10467399972185,69.18181818181819,1.8255694764780241,0.7468238767410098,98,100,100,100,100,110,310,310,310,310,310
